volume,count
1282,654781000
1360,555522089
1488,544224840
1063,360960512
1326,349295602
1548,323267523
8154,315543598
6835,230819468
1418,222866060
1351,195824302
8610,188982398
1458,187383070
3841,177435425
3580,172914234
1533,170446544
2982,169624719
8526,159902973
1125,158176903
3810,151708730
1163,149653360
7315,149044977
5512,147205389
18133,146471961
1609,137845862
1730,129624110
9850,128729025
4786,125221115
2583,116501488
4927,114262496
11609,107427136
10116,106061494
1625,103568618
2754,102044717
5592,101684005
3342,100086697
2313,98013165
6410,96532648
1194,93989835
8970,89902675
13931,89881384
3557,88286209
1394,88285723
1164,87769646
14591,86987154
2079,85128825
18292,82696878
10992,82478700
22923,79152382
1468,78202289
12455,76740251
1344,72530535
5048,71339462
1084,69192245
1243,69127706
13494,68526267
1121,67764246
1999,63604671
4111,62548699
3900,61851829
5002,61749082
2308,61432220
6343,61125418
1205,60998227
5927,60987140
15804,60738968
7568,60637391
9476,60543701
17837,60329543
2376,60202760
21564,59644046
9915,59601409
4246,59376565
10476,59164367
9440,58050592
10512,58001065
3104,57982358
1707,57743163
20052,57558526
5374,57504545
1933,57097820
4335,57053772
16918,56997689
6814,56981299
4091,56941567
21054,56928890
2109,56844956
5242,56775713
5372,56676063
11569,56534967
1152,56489883
21346,56456554
12461,56352687
2219,56215893
13198,56209898
12704,55860119
10163,55679716
15812,55567329
9378,55357096
11577,55325107
4287,55292400
5334,55045945
1802,54971780
12075,54745015
1479,54583265
13786,54573871
7519,54552694
6524,54323951
13349,54062797
3768,53971437
3443,53882141
3708,53465069
1498,53364702
2075,53308802
3135,53307484
6063,52801374
10564,52757247
17513,52688825
3906,52617733
2067,52039248
13811,52024841
4377,52013869
6554,51838889
13439,51796778
4828,51651630
5710,51505348
20400,51274799
14833,51143932
11784,51008148
13286,50856830
11933,50851711
3027,50848776
9372,50772149
11648,50562232
3886,50146804
8039,49865814
3915,49852176
11549,49807957
12973,49690216
5390,49687289
2932,49574281
8420,49526846
16357,49437348
2017,49361087
2216,49119671
6234,49094397
7378,48753372
22696,48691052
14207,48689259
7015,48672498
1525,48530611
1475,48021127
13435,47899731
9194,47713223
15138,47472325
12217,47341659
11013,46988003
3994,46858197
2337,46746367
1586,46707772
20128,46512102
8809,46327791
12726,46286678
1662,46078506
1765,46049697
3021,45909002
13057,45286035
19985,45254619
3109,45155228
1552,45021792
4116,45020916
3678,44961056
1699,44738801
3265,44522022
2690,44305975
3699,44084830
10012,44013327
16023,43909806
7028,43731791
5565,43392188
8043,43149882
3353,43088563
11615,43086846
3548,42930663
15910,42911847
5351,42823122
10226,42655510
11634,42632992
3963,42357693
14895,42197619
12695,42106684
16065,42091500
11669,41751825
5631,41725493
2627,41465886
6892,41171345
5526,41074916
4385,40904625
1505,40846518
12309,40758568
8608,40554758
24190,40368213
7696,40196997
8937,39709499
1261,39609131
9855,39356966
5513,39252453
3879,39080050
4145,38518283
9278,38492021
3300,38391481
1437,38244751
1252,38210967
21025,37962624
4741,37859399
20398,37740774
5747,37522300
5473,37307337
22164,37097906
1976,36849972
7552,36643365
7709,36405599
19728,35298668
17606,35091233
6362,35084435
7101,35043139
4514,34922142
1497,34628667
2275,34535201
13069,34237206
2212,33935177
3495,33414052
8077,33364584
1670,32521344
3240,32443969
2115,32077502
14762,31829996
9884,31755791
1214,31700668
10927,31566114
17644,31330054
16530,30919593
5046,30350820
2362,30340926
12908,30010459
6378,29732659
2230,29603965
3084,28730015
2030,28615263
1069,27690692
7449,27674862
5369,26845198
2386,26322707
8927,26295908
16433,26122017
20699,26074680
10171,25984238
3944,25965545
5398,25918522
12430,25809410
10370,25380062
20979,25317691
5296,25305074
3806,25130279
13604,24760990
23429,24597750
2911,24461153
1108,24387350
4183,24341352
1566,24242910
4838,24213627
3801,23854768
5099,23783484
1148,23723310
3246,23701633
9863,23662777
6342,23604796
8825,23558303
1293,23551520
19430,23508842
25669,23473948
1655,23145989
2771,22902640
9324,22731447
3561,22544816
3762,21787602
2127,21783253
14261,21771628
7255,21537936
23274,21413066
1273,21127418
1753,21032365
4284,20755248
4523,20710760
18464,20495017
5519,20383931
10100,20383758
6327,20327474
8749,20269661
11961,20029317
12200,19686782
7802,19655429
7584,19508754
4818,19472462
4235,19257092
20944,19028117
1201,19019891
2009,18918362
13039,18857409
15549,18761803
6528,18755784
20627,18611633
10375,18553958
23014,18539056
2177,18463243
9673,18460742
20859,18318102
14114,18296875
11314,18285824
8281,17931185
5318,17918875
8363,17802135
6918,17667173
1557,17650407
16546,17638175
5130,17512909
9969,17200627
2685,16938113
8673,16815371
19202,16602829
10364,16602828
1632,16587198
3367,16580098
21908,16551305
10971,16520697
7160,16514846
10001,16242842
2063,16209852
9581,16122060
1182,16024596
2286,15907007
6627,15864763
1757,15848477
9327,15757921
3218,15711859
4323,15651161
6851,15580520
20276,15512339
5388,15485033
4332,15438386
7243,15431885
3535,15397858
13270,15380283
4883,15326726
1627,15314964
17389,15218993
4361,15078415
2761,15062439
1407,15046896
10568,15006819
12963,15000762
5560,14911126
1383,14847682
17114,14782642
15538,14703596
12548,14654678
7683,14628726
23689,14503139
18304,14420190
4445,14384775
13167,14365368
21042,14338531
16739,14321392
13201,14298275
14839,14197036
12300,14188478
14420,14185875
3310,14102489
7496,14089011
3858,14019103
8229,14014081
16517,14013156
1191,13922177
12778,13872559
3385,13776372
4162,13711485
3964,13625211
2520,13523251
10348,13519457
1633,13454932
18926,13421482
1679,13391438
9551,13210276
9663,13160389
5858,13126312
6591,12956376
12447,12954151
23871,12922284
5206,12898050
24043,12868906
8152,12842706
18417,12830905
10905,12821027
17226,12767357
23479,12757218
20067,12746644
23525,12662918
12167,12604769
14002,12588320
12232,12543476
22734,12527469
21778,12481067
21765,12450481
20906,12450304
23530,12450041
20246,12450020
18328,12449972
24079,12449670
23222,12449036
23944,12448943
1830,12433404
8776,12395906
3113,12374586
17813,12369027
25402,12355175
1296,12303208
8714,12299695
9655,12194267
8932,11975789
18215,11912063
12393,11907125
16032,11901413
4833,11901299
9453,11855292
7510,11850908
10857,11840019
1894,11661331
2228,11648530
7782,11500021
3484,11495497
14248,11417024
5359,11371348
4507,11331638
2356,11212284
7555,11209797
7327,11184753
8353,11145451
2154,11143525
13789,11138717
3229,11130122
11673,11114116
4124,11110057
19260,11090628
15678,11051698
21993,11037877
4393,11035680
2195,11021127
19406,10997447
15861,10933307
6370,10905206
15957,10897091
6132,10876754
10429,10831771
5229,10810402
19220,10788058
5735,10779207
5066,10774843
15175,10758069
10799,10757274
19265,10752569
11656,10747118
10635,10741906
15481,10734897
10134,10725426
11034,10706139
10000,10684795
6579,10681212
7116,10675331
4304,10671323
2706,10659334
20832,10599335
17010,10595455
23638,10575768
7732,10575628
13429,10571420
24073,10565656
9193,10530803
20996,10505098
23894,10486426
23128,10479963
4693,10478651
18797,10476638
17173,10476500
8486,10473113
20252,10461117
22839,10460169
11887,10443736
19623,10432140
2024,10431974
1441,10397219
24099,10387157
14067,10364967
11858,10364152
7741,10363158
4019,10335860
12603,10316565
1682,10283408
7312,10258328
17013,10257045
2438,10250987
6676,10227215
7997,10176547
16206,10171198
3304,10171115
19271,10157064
1688,10127448
18610,10114437
9240,10087874
18727,10087143
9118,10048684
16788,10033636
4651,10005388
2693,9999255
1666,9991341
5732,9980890
18427,9974925
25476,9950670
12311,9949573
7758,9906269
2534,9848142
14863,9840788
5034,9826188
16639,9820230
7602,9795568
22284,9787884
6510,9780789
3145,9760086
2878,9734672
18654,9734335
24332,9723009
8069,9711446
8448,9702712
9141,9676960
1780,9676228
4467,9674131
4801,9656111
12132,9649281
6164,9644221
21276,9620076
11439,9618131
21805,9614566
5178,9580993
6357,9579907
18638,9540367
3204,9540350
6065,9504991
15431,9468424
20568,9457277
3566,9453608
12753,9435829
1400,9412377
6383,9405296
1639,9404935
1791,9391700
5393,9363583
9925,9353430
6923,9277725
15421,9250912
7422,9234203
7131,9229317
4642,9207976
23230,9192714
22428,9177618
8933,9167546
7828,9156933
7482,9145006
1268,9099976
1900,9099111
11301,9092222
12525,9091580
19792,9088887
5673,9081294
14714,9042733
16396,9032224
1695,9029667
14585,9023182
12674,8989683
16239,8984541
4937,8980331
7690,8950532
21031,8890669
6669,8866311
12074,8857747
16644,8800525
17998,8795019
2956,8781265
8025,8778410
16072,8764318
15550,8758013
4747,8729695
5764,8714365
16868,8660693
16221,8659578
7807,8612672
21096,8585481
9764,8535916
10860,8501507
3475,8491328
12683,8443646
5778,8416819
5047,8354349
12186,8336665
3397,8331451
25411,8327680
14943,8280093
11633,8277761
4940,8254451
5501,8252002
7956,8237111
4253,8232212
14853,8229575
12999,8195634
6679,8187556
17681,8172887
22828,8148370
9506,8129655
15716,8123944
18605,8122273
2954,8112703
7559,8095945
13912,8090856
6239,8080273
17764,8066118
13379,8056488
9302,8004722
11220,7997410
18128,7973463
6014,7968797
12043,7968208
12804,7966332
1058,7963358
10231,7957748
12771,7939081
15972,7939003
1199,7921783
3254,7915914
7842,7904321
21590,7883232
10286,7877412
21872,7857879
20030,7854689
7629,7846758
9466,7840373
9710,7806825
19140,7785245
9319,7769266
2976,7754796
21361,7753926
9214,7720670
3618,7710474
3210,7702427
11724,7697466
6459,7696425
2946,7686454
6689,7678203
18826,7647424
10533,7639674
3635,7619970
6285,7609460
11502,7600815
16742,7600373
7464,7595320
5913,7585342
8308,7578436
4566,7550513
2892,7543105
5589,7536198
7702,7519561
15335,7518410
11733,7507222
8087,7506599
22201,7504281
6209,7470235
25387,7460937
14851,7452730
9358,7449098
11097,7440764
13620,7440652
18324,7413147
7262,7408555
5490,7379887
16361,7356202
9313,7347951
17983,7342454
14931,7339570
12811,7322074
1844,7306139
15864,7301094
8065,7281286
1994,7275323
4851,7272713
6995,7267252
3622,7262967
23368,7252763
11509,7191319
11426,7188999
18220,7168387
13476,7157701
4424,7157230
13433,7150478
20095,7124072
1746,7123445
5080,7115417
2666,7110092
3223,7106535
18865,7099499
21421,7085921
9675,7084307
11383,7080892
2637,7071149
4350,7040856
7250,7021432
22054,7020947
7498,6995740
9133,6991649
3036,6966374
9539,6961682
9611,6934338
1117,6904761
20320,6895444
18859,6890939
5510,6883891
13203,6868139
4980,6862961
22587,6861872
5085,6853996
22886,6850187
8655,6843217
19105,6839008
18497,6838558
2052,6827038
11156,6824324
12734,6823708
11576,6811253
20419,6806397
14701,6764956
5325,6762022
3308,6753763
13617,6725378
22752,6722489
9220,6722113
7406,6720069
15739,6719336
18961,6716771
10883,6714305
12384,6712555
2974,6694772
2727,6671380
19416,6656744
17393,6638027
13569,6635539
23026,6625678
21442,6617055
15815,6605975
17339,6585558
7636,6572276
17559,6566696
6190,6565055
23692,6551520
1223,6539456
12768,6539423
9810,6522269
12058,6515065
16463,6508583
6700,6507289
15315,6475157
6725,6475063
6458,6460384
12242,6445053
20268,6444332
2339,6442415
23519,6429062
11122,6424875
14105,6423343
19823,6415720
10684,6414717
13141,6412672
6237,6408810
7151,6404352
12823,6399226
11665,6372429
19562,6372286
13662,6368141
6491,6363957
19571,6357519
2252,6346130
10728,6340795
3512,6339586
6631,6325781
12412,6311294
16043,6307008
14234,6306594
10620,6305920
15639,6304524
11775,6301945
10935,6299850
19361,6291442
11589,6286116
11680,6276608
10776,6269442
22806,6261082
15939,6256897
6644,6241362
16752,6228355
9745,6221105
4573,6210774
2157,6208518
4010,6203663
20783,6199402
6731,6185843
17671,6152276
19210,6147738
10742,6142123
12762,6136269
2786,6119554
14867,6118653
6107,6111294
12754,6105214
17570,6091225
11590,6079053
2745,6072420
4487,6071510
5457,6066961
8280,6061429
11200,6053048
8278,6052543
11822,6032762
22358,6031871
20089,6030152
19359,6020307
10252,6018455
20193,6008324
8742,5997511
8546,5992806
15725,5980566
2827,5976830
13212,5975222
21795,5968738
6068,5964323
4503,5959160
7937,5956409
1981,5940762
16864,5937784
23257,5935149
7029,5930995
19846,5925465
17295,5925262
19990,5920770
15705,5906343
14665,5905571
4724,5904205
2846,5898790
11915,5897339
5115,5873586
2568,5871040
13656,5861270
23299,5853022
14072,5851148
4607,5825009
24223,5823107
23491,5819414
7528,5818058
22521,5818027
1604,5815891
7299,5811916
3189,5809166
21812,5804329
5875,5788501
9904,5778995
12466,5774542
4276,5772059
17709,5755608
7894,5751466
4870,5745568
11401,5743341
17972,5736772
2647,5713150
16837,5701621
7057,5685236
2390,5684316
7321,5683091
15701,5681699
11644,5676610
9959,5675130
10664,5673278
8155,5667679
1317,5666695
11321,5662583
5600,5659850
1774,5653129
17060,5651025
18849,5650920
3200,5639709
9634,5635289
4871,5634858
17317,5625937
8061,5616901
10964,5607104
9883,5605332
1434,5603547
16169,5596307
14602,5594574
13155,5593443
1755,5587501
3932,5583673
2294,5572397
9819,5568458
12694,5563260
8256,5549052
5682,5545281
12612,5542053
18027,5535012
1915,5530528
10829,5524750
13699,5519203
1847,5514629
6624,5510923
9790,5506620
14467,5505428
19333,5501681
16692,5493782
4241,5487024
12351,5481855
16095,5477086
18905,5475011
7074,5473386
3324,5472270
5427,5468080
1362,5468027
9272,5462520
7618,5451829
5509,5450255
2347,5449975
22157,5444814
22165,5435342
2087,5434537
22766,5420336
2354,5413105
10244,5408617
10372,5392979
15372,5381949
15581,5380316
13998,5374788
2363,5373101
2145,5368412
18599,5362933
11622,5361032
14195,5358301
14876,5356035
2610,5353701
4083,5340911
22395,5337088
19240,5330215
12287,5324781
13731,5320793
12651,5319189
5756,5315630
8402,5313079
4830,5307161
18820,5301848
8554,5280716
1571,5279149
2737,5275792
11082,5271350
10944,5270560
7544,5266079
4858,5265504
3590,5264778
21945,5261917
2758,5261829
6980,5257715
21399,5254297
12899,5244879
16328,5238767
12890,5236780
1891,5228464
20365,5213913
23707,5213615
8114,5209950
17680,5208344
19439,5207021
19028,5206869
7962,5197703
18212,5196473
15365,5195990
4845,5187461
4278,5182845
5071,5175933
14082,5169117
6182,5164650
16470,5161387
16448,5160446
2691,5153629
4537,5146793
14496,5132486
11518,5128649
14158,5122449
7086,5116344
6008,5112271
14652,5105537
11867,5103417
9799,5098543
3317,5088762
3690,5088152
18453,5079644
15320,5077439
16350,5073688
17878,5068107
20760,5066521
8238,5055445
10120,5054849
18970,5054781
9049,5054717
2124,5048163
8974,5046158
3971,5044734
14284,5036124
7194,5035109
14046,5034802
9385,5031567
5140,5027496
13495,5025454
4191,5021499
5641,5020404
16376,5019775
16082,5019032
23283,5001709
10831,5001094
15397,4997085
4356,4980601
19895,4978348
8338,4977426
2482,4976569
5200,4970666
12099,4970518
6307,4968363
5147,4965847
19219,4962426
7095,4960279
10995,4957747
9296,4957575
21698,4949349
12264,4948276
20976,4944080
3053,4939824
17792,4939172
20141,4935992
22740,4934847
11336,4930785
10176,4928777
3626,4926406
14697,4926129
10675,4924002
8331,4922545
16105,4914896
13985,4905098
14808,4904361
7713,4904147
5831,4898806
8011,4893222
18699,4893082
8018,4892821
21677,4891344
3681,4887035
13332,4883822
11487,4873733
7915,4869165
5268,4867334
11853,4865546
8735,4862736
12263,4854163
4775,4851445
19502,4851062
18992,4841678
13461,4831235
4000,4826629
17723,4826511
23202,4825125
2478,4822960
17793,4821463
10752,4821039
23816,4819412
4892,4818345
14824,4817572
6795,4817381
20726,4815215
18986,4813145
4100,4810271
23340,4804901
13367,4800731
19498,4799307
19791,4796104
6171,4790952
2235,4790665
17882,4787337
22095,4785461
20042,4780484
13684,4780102
7314,4774701
8787,4770201
16797,4767672
19189,4763416
20456,4761820
1417,4757527
16116,4756244
2653,4753172
7576,4749885
13189,4747631
2554,4745281
11032,4744539
1576,4743877
15800,4743183
17094,4733188
1811,4732216
14578,4727020
1306,4724122
18101,4721744
2333,4716853
14621,4713324
11248,4710055
16897,4708544
18627,4705161
13739,4703242
9426,4699163
19068,4696485
17524,4695812
1510,4694622
14598,4689407
1099,4686426
5039,4686199
15109,4673090
5911,4671962
11108,4666270
10851,4660610
18735,4659692
21505,4652968
14472,4650693
18013,4650153
4579,4637017
10957,4635538
10656,4630979
5346,4626075
14254,4622408
15014,4613561
17035,4609924
12799,4609626
13076,4606215
4041,4599116
15627,4596828
19952,4595492
18495,4593246
4485,4591308
15208,4587061
19100,4586704
21445,4580258
18907,4578087
7814,4572621
7775,4572411
15746,4567340
12883,4565271
16655,4563807
11287,4563506
19574,4562296
2508,4561976
14790,4561868
3521,4558306
11605,4556980
13223,4555707
18671,4537351
1415,4536364
7347,4530253
5975,4529550
5494,4529232
17991,4523871
3011,4520821
12613,4517895
15083,4516198
21415,4513508
4636,4511310
4597,4509764
11074,4506672
16056,4505165
1690,4503048
3142,4502497
22319,4499457
16035,4499428
19599,4498506
13312,4498455
12360,4497392
7246,4489858
19152,4489783
4310,4489504
8872,4478765
3360,4476873
12181,4475890
20817,4474573
6951,4471375
5632,4464112
12080,4461640
6142,4457852
8198,4456443
9336,4456043
9190,4455296
17830,4441845
1170,4440751
1387,4439507
12956,4437984
12495,4436794
7047,4436367
20868,4433913
18581,4433391
11710,4433110
19045,4430585
10582,4429437
14445,4428177
2586,4425864
4554,4423347
17026,4421028
23577,4415536
5788,4413126
3091,4409435
4778,4402336
21504,4400145
13552,4398311
13422,4392841
13702,4391703
20923,4389642
15325,4388495
14999,4388317
16049,4386679
1308,4379962
17082,4379218
20861,4376817
18530,4376017
6859,4374654
16426,4373639
9763,4370197
12323,4368921
16041,4367730
10525,4367381
19286,4367137
4679,4366099
13175,4364647
14300,4362748
8835,4358529
4027,4358204
7875,4358169
13192,4358068
22275,4354994
5794,4354798
23698,4354776
9803,4351007
1581,4350953
7717,4345939
10393,4344135
9006,4341400
12165,4338514
2659,4335181
7192,4333827
19864,4332624
13361,4331806
16096,4327083
21078,4326535
19194,4324398
9157,4323243
11135,4323201
6390,4321831
17567,4319868
13126,4315865
12600,4311505
10156,4311278
5808,4306535
21837,4303610
11345,4301528
21572,4298376
14341,4297339
6291,4291606
9090,4290017
22481,4287976
15686,4286306
18639,4282894
16820,4278578
13265,4274026
4205,4272527
1859,4271571
8388,4268880
17149,4267309
13072,4267221
13102,4263534
13108,4262031
8564,4258751
2444,4254203
22228,4243648
21062,4239272
5054,4239109
17638,4234609
6334,4233881
15724,4232036
15293,4230656
2545,4229280
18588,4229235
18416,4229122
20540,4224748
5908,4224114
5060,4223379
22174,4222290
15146,4222053
10976,4216810
3774,4214826
11714,4212438
6111,4211618
10628,4210416
6402,4204310
4760,4200769
4200,4200731
17645,4200512
5709,4198698
15447,4197687
5326,4192004
10602,4182724
1675,4181234
23834,4179561
15783,4178434
5516,4177532
11354,4176245
4836,4176088
14456,4175728
17593,4175246
20974,4172005
16370,4164848
12518,4164203
9569,4160762
9289,4160086
20547,4157820
4586,4155308
1342,4151680
6965,4150841
11494,4149808
20671,4149115
15692,4146116
2303,4143847
5441,4140706
3809,4140550
15466,4130881
16190,4130560
11046,4126849
17541,4126818
4965,4126230
14637,4124680
6900,4124477
13908,4118256
12802,4115733
18862,4112955
13414,4105887
20291,4104773
9519,4103629
8639,4101667
7579,4101571
9227,4100778
6798,4099496
9253,4099274
20428,4097480
3894,4097300
14722,4095798
23573,4094797
1449,4092916
10676,4092317
9180,4090604
6651,4090262
18377,4088897
9525,4088217
21984,4085297
15895,4084556
8768,4079359
4739,4078634
16618,4078610
9661,4076543
16477,4076369
7367,4072997
22826,4072454
16952,4071447
11778,4069519
8163,4066108
12502,4065741
5116,4065574
5213,4064869
9834,4064867
9798,4062831
19120,4062357
5075,4061572
21661,4061504
13877,4057508
21452,4056050
3616,4055865
20553,4055499
16846,4054765
6751,4054128
3834,4053379
20704,4049232
9462,4047844
13858,4047473
5238,4046250
9951,4043845
5690,4042423
17044,4041588
11027,4040279
8361,4039176
8581,4038429
8046,4035310
12833,4035031
5262,4026616
20101,4025941
19980,4025146
9722,4023332
13586,4022566
17755,4022542
13571,4020705
2840,4019099
4404,4018527
18172,4016822
5777,4016683
13859,4016512
6467,4016298
3410,4013450
12481,4012494
23398,4012210
21977,4009325
4431,4007299
18770,4006044
20106,4005445
17382,4001954
13958,3997268
22158,3996763
15458,3994636
23307,3993327
6151,3990743
23302,3988654
13524,3986222
12485,3982085
4033,3976911
12621,3976898
8861,3975647
12875,3974610
2224,3973292
18283,3972912
21256,3969616
16878,3968154
4613,3967195
4218,3965664
15091,3965318
18265,3962938
7750,3962937
2372,3962930
14291,3962342
5979,3960216
6033,3957915
3069,3953159
2536,3952960
10825,3951100
12341,3950682
15520,3950231
18279,3944802
11904,3944650
10208,3944579
19718,3941500
21544,3939515
11412,3934975
4600,3934708
9732,3933736
8498,3932165
2937,3931442
13635,3929858
11139,3929394
17412,3928626
19345,3928459
15751,3927001
14321,3925656
3039,3924660
16912,3922013
4956,3921930
16508,3920377
14174,3917997
13401,3915337
19067,3914028
13377,3913664
16975,3912023
17007,3906387
2773,3905112
21670,3904770
19827,3901536
13546,3900062
18188,3896744
23952,3896606
12296,3896318
20012,3895232
8053,3894723
18715,3889796
11307,3889623
15247,3889321
11556,3885110
13803,3885027
15888,3884281
4296,3881936
10184,3880363
14511,3877623
8689,3876221
11161,3873052
15529,3870054
19873,3868831
1540,3867753
23336,3865183
7082,3862350
10198,3859614
14795,3857561
2598,3857525
12796,3856009
17202,3853915
4105,3851735
16652,3851300
8471,3850333
17757,3849219
7390,3845926
8648,3843278
13464,3842900
7677,3841588
16337,3841258
19268,3839059
17269,3838979
16177,3837096
18393,3833574
19776,3831993
21942,3829495
5020,3829230
16816,3826942
16920,3824105
7336,3821758
21896,3820373
8779,3818665
2328,3816924
18297,3815124
10496,3813759
10921,3809824
17247,3809040
21235,3807512
19326,3806380
20316,3806272
10961,3803834
19648,3800110
1335,3798856
15765,3797426
21263,3797383
2687,3795166
8706,3794646
7625,3794095
4052,3791921
7867,3782453
8423,3780347
16081,3777928
19422,3774990
7883,3774462
19807,3774128
10703,3773651
23561,3773422
9544,3773165
15985,3770883
17579,3769594
6846,3761385
18781,3761353
8029,3757114
14550,3756586
7784,3755363
7282,3754640
21817,3754171
20600,3752363
17519,3751540
3426,3750891
15057,3749055
11159,3747713
12916,3746733
16678,3745032
1740,3742682
17002,3740289
15123,3737533
22235,3734689
8192,3734230
10897,3730443
13767,3730388
10492,3726429
15407,3725495
18712,3724860
4532,3723577
13016,3723091
14330,3721049
5936,3720288
9099,3717005
3790,3716967
13921,3716867
6275,3715283
8000,3710578
19088,3708375
18974,3703185
4226,3699709
8757,3695643
22717,3695224
13354,3689810
20893,3689602
7463,3686443
3003,3685339
14310,3684155
7841,3682544
4609,3681794
19538,3675323
12820,3672922
5685,3671182
2495,3667098
2644,3666521
13557,3666329
21153,3665716
12257,3665269
15478,3658544
9567,3657104
8834,3657046
12972,3656596
3855,3654855
19611,3654075
15169,3652926
16944,3652305
6499,3651913
2197,3651254
20879,3647214
11295,3646037
3457,3645868
10394,3645178
16083,3644767
14688,3642252
4011,3640093
6261,3640075
13698,3639461
21551,3639456
6764,3638501
16632,3633027
14026,3628778
16153,3627446
21716,3625466
14871,3625351
15653,3623837
8528,3622524
17810,3621178
1659,3620560
20808,3617533
4211,3613776
7931,3612012
14167,3611147
13573,3606686
12945,3604826
13578,3604401
17253,3601450
8173,3600250
6717,3599935
10276,3599203
2712,3598866
16003,3597668
5250,3597319
6222,3596981
12812,3596342
12358,3596240
17988,3595570
8433,3592683
16594,3590744
11500,3590183
4929,3588676
4986,3588518
11885,3585005
18168,3584213
3128,3577501
8523,3577270
16251,3576379
11841,3575689
21931,3575073
1073,3574641
8468,3572848
12390,3566652
8411,3566242
10783,3561190
11488,3560052
7006,3558610
15766,3557981
23319,3557171
10403,3549804
14230,3546708
9171,3539302
18435,3531142
6582,3530011
15512,3525850
7898,3525531
6448,3521581
21277,3519139
12803,3519005
8139,3518746
6865,3515262
3444,3514362
13371,3509826
13046,3509698
19968,3506979
19597,3506320
18851,3504906
8253,3503270
8893,3499677
17585,3497058
22404,3496681
1784,3495672
9612,3494266
6527,3492831
8021,3487102
4675,3485470
23096,3484116
15162,3481824
16999,3481733
14976,3477771
5957,3475171
16017,3475067
4751,3469454
3192,3467567
18462,3467313
11974,3467051
5458,3465855
19214,3463044
1228,3462771
16923,3462740
1874,3461647
13007,3460618
13996,3459064
11906,3457283
17902,3456228
3284,3455111
16699,3453034
23781,3451422
10342,3448078
8747,3447936
21224,3444991
4704,3443046
20043,3442778
20710,3442596
8638,3442389
6158,3438833
20571,3434728
13774,3430725
5274,3430345
2044,3429143
11213,3428737
16526,3427727
9397,3426105
23204,3423727
12566,3423505
19211,3418784
17474,3418034
11945,3417314
13168,3416490
16874,3415462
6013,3414009
3633,3410862
11641,3410133
10203,3407794
6474,3407080
3799,3402055
5018,3401908
13147,3400773
7214,3397031
2092,3396938
18971,3388274
4344,3385475
10747,3385105
7889,3383476
5543,3380546
16382,3380525
18052,3380423
10650,3379152
5623,3377773
13893,3377296
2207,3376041
20969,3374050
1161,3373057
9937,3371445
22364,3369590
12343,3368312
3925,3367236
18560,3366932
6687,3366381
6678,3363812
23399,3361614
7992,3358740
13279,3357979
19390,3357294
15100,3355805
22313,3354624
4900,3351565
13638,3347118
20532,3343800
6108,3341700
14816,3341012
21209,3336402
8390,3335721
17553,3334707
1438,3331799
15027,3329522
23374,3325968
16849,3325906
14611,3324775
18765,3324296
2744,3316808
1924,3316552
23497,3316025
9202,3315107
11587,3314975
13886,3314899
11786,3310785
8417,3307394
11930,3306444
4633,3305183
8912,3303955
14087,3301976
17402,3300980
6831,3298263
2257,3297972
7224,3296919
9231,3295730
22545,3295031
6394,3294644
16109,3293019
6598,3291933
21390,3282999
14542,3282104
19311,3281367
10069,3278507
21541,3276191
5430,3275454
12985,3275316
3596,3272938
7743,3272544
1849,3272425
19618,3270647
10011,3268259
14843,3264249
7279,3263507
15177,3263156
5985,3262649
8425,3262606
22559,3261491
11847,3259042
4998,3251308
23855,3249568
1923,3248248
6547,3247843
14479,3247833
12760,3242353
3847,3239299
5951,3236454
13720,3236186
18617,3235947
5150,3235005
21582,3234319
20675,3234313
15921,3232229
4269,3231226
3641,3230745
17112,3226287
6277,3225034
6350,3224066
4008,3223671
23354,3221289
19410,3219733
7417,3219456
25394,3217990
2377,3217570
10505,3216184
23037,3209085
13580,3208898
6246,3208488
12654,3207538
13113,3206840
2263,3206759
14376,3206556
15926,3202433
17829,3202390
8299,3201454
15199,3198550
14050,3196647
3825,3195980
7487,3195618
10274,3193829
15203,3192657
7615,3190253
21332,3189938
5382,3189792
9388,3189781
20605,3188166
21494,3187099
22392,3183075
1851,3182909
6048,3182596
10689,3181974
11686,3181756
17009,3178794
8618,3177692
9310,3176933
14765,3176759
10858,3174945
17326,3173069
22555,3172939
17818,3171120
20465,3170945
10409,3166360
9413,3165323
15415,3165131
7569,3164885
17824,3164322
19342,3163841
2605,3163650
21369,3162671
15358,3162494
16684,3157322
7169,3156395
11192,3155641
6740,3154673
19184,3153476
16540,3152337
6558,3152049
25697,3150043
12568,3149757
5191,3146665
25630,3144355
3607,3139618
4557,3138440
15754,3136254
7664,3133874
6359,3133735
14460,3131541
7432,3129297
15968,3129144
5221,3128392
24948,3127706
21311,3127155
17742,3126026
8530,3123268
2877,3122001
13033,3121588
8957,3120968
4199,3116162
14903,3114551
17212,3113684
10295,3113246
3060,3112908
21217,3109098
18646,3107332
6637,3106990
3603,3103439
4712,3096960
13594,3096848
21798,3096664
7239,3096349
15420,3095952
23443,3094949
9698,3091995
13945,3091399
8584,3086769
22905,3084183
12374,3080575
19279,3079017
14566,3078537
7943,3076400
14041,3075182
10757,3074440
21532,3073648
15007,3072420
13746,3071664
5335,3070400
11249,3063277
17143,3059936
6233,3059040
2777,3055821
20670,3053634
4046,3053133
15279,3050767
21191,3050522
18348,3050159
1911,3049149
1591,3048062
4587,3047546
3770,3047200
1162,3047094
9724,3046797
6550,3046431
8269,3045967
8169,3045357
12422,3044650
5615,3044594
13146,3043673
7563,3043668
12514,3042874
6420,3041427
22093,3041385
11715,3040727
4620,3037030
5338,3036603
8135,3035799
21371,3034499
22017,3033623
20213,3030574
23831,3029752
5170,3028701
16458,3027886
20731,3026593
8566,3021702
21851,3020053
10095,3017008
19076,3013831
4811,3011118
8216,3009598
16141,3007999
22209,3006992
16275,3006364
9432,3005551
11368,3003454
2434,3002992
12746,3002403
2767,3002008
8605,3001335
20519,3001209
6578,3000287
1304,2999989
20132,2996326
22749,2995911
20310,2995853
8623,2994160
23324,2989426
9804,2989255
11025,2989200
20489,2986371
9678,2985317
15563,2985091
11982,2984432
12690,2983217
13671,2982599
11747,2979634
17169,2977409
15640,2974663
3784,2973430
16570,2968308
16921,2968298
6434,2967983
5402,2967860
6581,2963901
3747,2961332
3923,2959088
2489,2956149
4716,2954388
11954,2953771
21322,2953769
14447,2952432
7440,2944616
9122,2941988
12488,2937777
20539,2936061
20300,2935654
1134,2934635
22081,2932679
6025,2930217
17604,2929764
14956,2927373
8202,2926354
8964,2925769
11394,2925208
16973,2922597
5893,2922107
5963,2921583
3739,2921567
13645,2920002
3154,2918611
19799,2918422
7046,2917589
8722,2917557
14612,2916288
22486,2915667
12277,2915547
9754,2907681
7381,2905207
20776,2902163
23611,2902162
21084,2901249
8178,2898605
10213,2898233
13526,2897648
2430,2897089
14879,2894512
11477,2888258
9717,2887440
10587,2887310
11968,2887138
3004,2885296
8096,2884730
9690,2883170
11877,2883105
21411,2876683
17132,2875852
7387,2874393
16230,2872452
16070,2872098
12939,2871477
19400,2868255
14549,2867926
21168,2864068
5742,2862645
13403,2862211
18557,2862133
9625,2859479
14707,2859047
3493,2856948
21488,2856895
16443,2856456
11424,2853989
16198,2851946
16768,2850568
21909,2848900
18810,2847279
23905,2845910
11417,2845875
19963,2842848
18180,2840857
14101,2840595
2454,2835993
17452,2835811
6639,2835266
22778,2834464
9249,2834389
13444,2833982
13139,2832617
12022,2827642
12630,2825225
15935,2824242
18318,2823164
13948,2822078
16880,2820321
20209,2815632
4805,2814849
2707,2814184
8102,2813946
18055,2812006
17873,2808729
9533,2804477
19750,2801149
8796,2800867
22344,2798768
21597,2796533
2245,2795628
11524,2794503
8381,2794458
1882,2791710
10580,2791176
3351,2790413
17722,2786775
7924,2785429
20941,2785390
20058,2785083
16957,2782498
1935,2780423
7196,2778624
9871,2778586
12114,2777618
22088,2777522
18868,2777198
3863,2776780
23740,2776570
9419,2775641
12006,2774032
9768,2770876
10596,2769809
14149,2769491
7027,2767356
9556,2762656
12707,2762574
2990,2760965
4545,2760881
21108,2755638
22382,2755180
2399,2755079
6607,2754322
17835,2753040
22419,2751529
14392,2751470
18444,2751122
2863,2750766
5214,2747280
17286,2742353
7574,2741137
7909,2739220
15133,2738546
13061,2738110
23279,2737133
21247,2730070
8996,2725777
1985,2725054
5531,2718050
11037,2717854
7186,2715273
19295,2714951
12375,2712879
13183,2711290
20147,2711114
4206,2711049
17657,2709985
13300,2709102
22798,2701929
15646,2701862
8858,2700352
11022,2700147
21974,2699848
21118,2698231
17482,2696583
12861,2694970
2016,2694432
20635,2692687
18678,2689418
19840,2686389
21040,2685854
7658,2684963
4422,2683525
10399,2681304
16269,2679401
10539,2679091
6127,2677597
7859,2676657
11694,2674458
3584,2673402
2594,2670348
7611,2667005
2855,2666777
12745,2666699
10048,2661025
7773,2660020
7913,2655854
16558,2653039
10368,2651882
13980,2650547
15038,2650393
22271,2649290
8209,2644452
8147,2640960
13052,2640548
23754,2638661
16757,2634925
18072,2634516
19731,2633964
20378,2633928
9705,2633396
11790,2632610
6408,2631372
22388,2630315
14737,2628979
10022,2628310
19317,2626130
13253,2620789
3961,2620287
20326,2619475
5883,2617110
2165,2616928
6102,2614490
19903,2607201
15434,2606742
6997,2605475
11029,2602612
14362,2602347
11507,2595577
14220,2594317
2266,2586673
12416,2585521
6269,2585013
12019,2583753
13487,2582952
10031,2582311
7022,2581680
9738,2580062
18514,2579596
10228,2578682
5252,2578491
20299,2574815
21198,2574297
9683,2574119
4279,2573781
8629,2572570
24111,2571813
6774,2570926
15390,2570764
21300,2570078
23107,2569514
11147,2569274
3583,2568487
11717,2567624
7509,2567124
11988,2566050
7149,2564093
16642,2564086
17571,2563084
19958,2562976
19998,2562281
5106,2560157
17504,2560134
8078,2558526
17932,2558511
6297,2558023
22213,2557775
17460,2556288
20061,2550279
15019,2549247
22852,2548822
10999,2548735
21315,2546895
19490,2546258
14030,2545649
23266,2544897
11480,2543931
17304,2543891
14307,2543423
8516,2543413
15593,2542853
20980,2542724
17867,2541996
10268,2540776
18047,2540212
4075,2540050
21964,2539369
3887,2534965
5783,2534574
3772,2530546
6822,2529655
3662,2529126
15348,2527727
19508,2527549
5884,2526547
14982,2525398
14659,2524765
1885,2522262
3728,2521570
1236,2520757
6743,2519654
10356,2519316
6517,2518478
8597,2517341
14668,2515318
23325,2514485
5628,2510545
11207,2508804
10266,2504794
2801,2503592
15079,2501239
2672,2500041
15885,2499704
2100,2496042
7763,2495573
18094,2494096
12015,2492670
21047,2491648
17358,2491035
14743,2491033
10633,2490464
19225,2490144
10611,2485574
7904,2484767
14908,2484318
1380,2482464
19640,2481025
4108,2480802
22072,2480467
8507,2480294
21886,2480031
18883,2478884
10763,2478149
4271,2477374
15257,2474557
4170,2471626
16033,2471338
5083,2468462
5823,2468454
5449,2467583
17081,2467434
21770,2466257
3075,2462179
4402,2460817
18167,2460762
25013,2460570
20666,2460024
7290,2459843
6957,2458929
12248,2458306
12194,2458228
23418,2457921
21242,2457865
3766,2455550
1722,2455193
23186,2454859
18644,2452353
2925,2452337
19206,2452018
3980,2450946
3776,2447630
15658,2446945
18548,2446257
12700,2444225
9391,2438340
3286,2436888
2960,2436483
23908,2432013
9237,2430877
20124,2430504
17940,2429829
18374,2425905
6439,2424991
6247,2424794
25585,2421592
10197,2420450
4413,2419816
11090,2418978
21083,2415291
11409,2415274
22956,2414741
9604,2413103
5162,2410894
11441,2409628
21145,2409436
23605,2409067
9898,2405465
6504,2402679
13448,2401713
8063,2401687
20515,2401676
3933,2401144
15674,2400538
7207,2399121
9512,2399044
22822,2397568
14437,2397260
11501,2395920
14969,2394570
11436,2394103
12623,2393392
21733,2391638
2641,2389703
3817,2389562
6137,2389524
5753,2389154
18822,2386113
20314,2380185
6313,2379566
11627,2379369
17018,2378268
4370,2374240
14918,2373929
8380,2373640
7594,2373340
9783,2372306
7138,2370895
20340,2368892
2620,2365581
1646,2362031
5793,2357790
11882,2354091
10236,2352070
20664,2352047
18819,2351963
23426,2348998
10143,2348960
16452,2346255
1487,2346182
5009,2345067
17194,2342801
3656,2339191
8319,2338817
21979,2338658
16295,2337346
15572,2337055
20901,2334554
5429,2334389
15357,2331766
9806,2330785
2561,2329554
13308,2329482
20509,2329036
19138,2326312
7267,2326222
2065,2325767
21691,2325563
12715,2325334
6781,2321817
5470,2319183
11537,2316755
17227,2313755
1628,2313528
16723,2313473
25650,2312623
15205,2312556
19309,2309391
15239,2308411
1727,2307787
15331,2307531
2525,2307117
8247,2306963
15419,2305775
21724,2305774
16287,2300989
16954,2299162
5442,2298739
19585,2297933
16964,2297825
4419,2297496
11728,2297221
20812,2295902
10387,2295861
17981,2295266
8224,2294823
21352,2294196
5182,2292215
20856,2289851
19841,2288397
16428,2287112
18932,2286135
12670,2285555
7966,2285128
3196,2284029
22897,2283779
23074,2282828
23716,2282076
22869,2281938
3365,2280622
6661,2274458
20912,2271035
7882,2269910
13093,2266325
14182,2266078
3613,2263028
23047,2261461
7436,2259879
7600,2257331
22715,2257309
9448,2257010
23734,2254182
16263,2252155
22296,2247924
22724,2246186
17141,2243329
8038,2243156
6018,2243010
15702,2242005
23173,2241805
21129,2240086
4309,2239591
21387,2239472
20991,2239414
5952,2238007
1082,2237621
12806,2236873
3294,2235927
3048,2235804
1612,2234010
11054,2233730
10280,2232545
6930,2231846
13952,2229596
11561,2227465
20071,2226798
23111,2226124
1961,2224741
18063,2223258
21469,2221603
2703,2220738
7836,2219338
19702,2218213
9624,2218028
2845,2217322
23390,2216156
6525,2215723
18204,2215170
16450,2214851
14555,2213499
20870,2211756
4072,2210188
5310,2209201
7590,2207253
18565,2207192
13513,2206976
22533,2204949
6768,2204439
12411,2202635
19376,2201925
14485,2201678
16587,2201457
2284,2197898
7543,2196450
5842,2195138
2965,2194593
9083,2190537
5933,2189928
14346,2189523
2893,2187990
20689,2187938
15992,2186813
16254,2185413
9353,2183719
15635,2183391
16764,2182987
13071,2182034
11805,2181676
8804,2181596
17073,2180773
18897,2180121
17795,2178207
22632,2177775
7429,2177059
13626,2176806
8513,2175787
6933,2174175
4882,2173986
4484,2172872
13837,2170807
18108,2170707
7183,2170354
7645,2169120
13132,2166546
3077,2166411
23214,2165864
11541,2164685
5396,2164261
5853,2161316
18927,2161220
5806,2158572
6090,2156269
17629,2151101
2425,2146252
20985,2145540
17750,2144918
10044,2144320
8704,2143433
16779,2140863
10534,2140737
23455,2140416
11255,2140376
16219,2138638
20972,2138413
13164,2135648
8118,2133594
22495,2133469
11458,2131888
10463,2131839
12533,2130813
4399,2129917
15835,2129628
19850,2128198
17184,2127786
19388,2126042
11179,2125723
8941,2123387
8478,2123190
18227,2122375
11529,2121854
20584,2121511
4285,2120637
16688,2120467
7400,2116654
6371,2115543
2688,2115415
20481,2113608
12543,2113601
4139,2113246
5647,2113116
18274,2111838
20550,2110429
1160,2109811
22425,2109073
15791,2108484
21533,2108059
21459,2106712
2861,2106483
10124,2106292
8885,2105652
23102,2103801
12662,2103161
17495,2102062
14093,2101582
14533,2101567
10532,2101127
11229,2097515
15429,2096863
19129,2096813
4151,2094530
19302,2094073
15496,2092724
17070,2092582
19461,2092393
21176,2092122
19304,2089846
6567,2088910
13068,2088573
6483,2088018
15082,2087135
6535,2084566
22373,2083908
2035,2082392
12783,2081724
16294,2081126
11268,2080341
10455,2079994
20800,2077812
13011,2076263
5139,2076236
8059,2072271
7792,2071815
4689,2071314
4713,2071033
12619,2069889
3874,2067527
15798,2066855
25415,2066653
14083,2066516
12281,2066041
21525,2065785
11450,2065046
13723,2064456
9011,2064065
3571,2063480
13054,2062561
12174,2062515
19734,2062316
4862,2061582
6543,2058351
21204,2057218
9166,2056941
2839,2055788
18803,2054123
21183,2053797
22037,2047918
3378,2047599
14276,2047539
12594,2045184
23509,2043214
11924,2042771
15651,2042366
6630,2040998
16497,2039283
17885,2037246
16839,2036534
9040,2036442
13646,2036343
9980,2035664
1286,2035461
15948,2032990
6083,2031552
21998,2031402
14018,2030268
9563,2030042
21647,2023225
11120,2020701
21407,2019320
12982,2018475
1413,2017883
5413,2017838
13411,2016895
14283,2015815
5301,2015264
25616,2014606
12976,2009798
20951,2009568
9024,2009125
22194,2008905
18711,2008896
8851,2007453
4735,2006941
1175,2006350
6197,2005435
8419,2001596
3418,2000431
2865,1999730
13204,1999279
14311,1997997
8456,1997665
11716,1995643
12710,1994591
8691,1992703
6323,1991217
2697,1989933
8413,1989613
19048,1989375
14186,1989236
1089,1989010
7606,1985659
6994,1984294
17743,1983278
10062,1981385
19544,1981144
11111,1979578
20496,1978895
9918,1977149
5029,1972245
5094,1971005
8260,1969832
9776,1968620
3097,1968351
9995,1967441
21686,1965825
4625,1965499
2902,1965376
13084,1963667
21012,1962886
13956,1959001
15491,1957855
6572,1955786
13710,1955655
9422,1953947
25639,1953042
16489,1952426
22242,1950417
15844,1949179
2830,1948005
17209,1946316
21784,1945201
7044,1943882
2315,1943119
16710,1942265
21864,1941940
10053,1941761
14012,1941561
5814,1941231
8989,1941042
12645,1940885
7368,1938554
13505,1938468
4058,1936380
7258,1932403
16977,1931994
3122,1931922
9648,1931803
5867,1931488
24247,1928712
8494,1927250
9127,1925138
25621,1924609
22173,1923426
6270,1921572
14573,1921187
19175,1921039
22035,1919410
9726,1917551
3035,1917196
24398,1916642
6205,1915425
17558,1913572
18228,1912343
3869,1909425
15224,1904831
10424,1902929
3261,1901747
10021,1900262
18339,1899825
18144,1898956
11771,1898841
16311,1898487
9851,1898425
7535,1896583
2809,1896512
18485,1896076
5578,1895341
20823,1895050
8807,1894393
15462,1893893
17912,1893879
16754,1893806
8920,1893471
22063,1893361
16150,1893287
19886,1892864
5920,1892431
23767,1892253
15735,1890801
8981,1890366
10259,1889356
1219,1889277
25663,1888496
23930,1888445
3647,1886940
4437,1886280
8306,1884785
6497,1884309
18038,1883568
8036,1883456
8876,1883256
8371,1882279
10807,1878826
12926,1877043
8949,1876668
14443,1875460
7765,1873790
11687,1873020
22139,1872965
17676,1872517
17945,1871918
14337,1871865
13975,1871680
16625,1871434
10947,1870177
21633,1869313
17665,1868030
20647,1866542
9046,1865934
8593,1864311
6962,1862210
1599,1859316
7414,1858800
13299,1858733
10216,1857889
8462,1857698
13709,1855342
2416,1853715
21492,1853040
19056,1852431
23650,1850617
20957,1849940
14526,1849153
14703,1848320
7072,1847175
7970,1846960
6229,1846135
16812,1845943
17014,1845267
21516,1845252
9485,1845066
23386,1844338
17352,1843855
24725,1842375
3600,1841858
3986,1841665
11185,1839986
2060,1838751
23218,1836338
13024,1835614
17740,1835075
18199,1834805
17958,1834277
6789,1833744
13816,1830202
22114,1828914
10791,1827777
3162,1827413
2887,1826041
21803,1825875
22930,1825089
3897,1824165
9008,1824044
19107,1823997
3015,1823895
3449,1822919
20619,1822217
20930,1821846
10086,1821648
21269,1821404
11362,1821039
20082,1820710
5719,1819129
11767,1818398
2823,1815768
1897,1815413
15353,1811178
10918,1810189
25375,1810073
15505,1810059
11598,1808790
6656,1807616
22041,1807091
17061,1807038
6575,1806460
10553,1806226
23335,1805414
8906,1802211
8942,1801759
2473,1797153
20394,1796143
4014,1794201
12346,1794176
14415,1793520
7952,1792360
5061,1791795
17806,1791516
19594,1791178
11077,1791148
7215,1791049
1143,1790332
3526,1789644
4432,1788467
19793,1788205
20597,1786370
12313,1785429
6295,1784550
4382,1782948
4176,1781735
25599,1781314
6872,1780245
14991,1780194
13122,1778882
23119,1778445
9514,1777846
10996,1777689
6181,1775573
8314,1775016
8709,1772948
5481,1771721
16304,1768067
2371,1767930
11873,1767385
7675,1767254
19027,1766193
12157,1766056
17179,1764106
16160,1764058
14677,1763626
4546,1761430
16763,1759349
10755,1758748
18254,1758405
9482,1758186
23181,1757553
2055,1757129
17229,1755225
12273,1755074
16223,1753811
1465,1752095
12781,1752057
2447,1751312
15484,1751213
17432,1750178
12012,1750031
1368,1749457
12052,1748040
5253,1746091
15414,1743458
15970,1743315
10292,1742353
4619,1742048
17435,1741514
16404,1740737
6077,1740488
6753,1738491
10007,1738259
23272,1738188
7444,1735322
11234,1733798
22331,1732853
6006,1731139
8150,1730297
12964,1730195
14353,1730117
20405,1728359
23383,1726086
9072,1725761
17525,1724790
16825,1724446
15819,1724406
6040,1724110
16533,1722772
20215,1722717
15381,1722595
6485,1721194
9408,1720645
22303,1719979
8111,1716289
23521,1715860
2871,1715629
22831,1715043
16247,1714302
22704,1713759
10916,1713559
2511,1713447
8575,1712937
15565,1712203
20187,1712163
13820,1711867
21658,1711836
11579,1710812
6305,1710690
18899,1708497
22601,1705610
10836,1705307
12869,1703812
23164,1702867
13649,1702172
10452,1700837
2873,1700568
3736,1700515
1717,1699835
21653,1698929
5506,1698176
13750,1697450
18246,1695152
12238,1694720
21759,1694653
19091,1694361
20611,1691517
1371,1689323
16352,1689238
13392,1688709
9997,1688060
14801,1687811
12792,1685148
9312,1683676
3291,1681632
7471,1680957
21592,1680791
6076,1680717
12215,1680525
3247,1680320
21640,1679619
8680,1679018
10415,1678136
15352,1677039
15339,1676571
5840,1675616
20004,1674051
22960,1673625
16983,1672772
13690,1672708
10724,1670901
15154,1670627
23464,1668642
10365,1668614
1968,1667757
11484,1666888
14517,1666858
15769,1666680
18981,1666608
2186,1666474
22120,1665958
19424,1663599
16001,1662659
22050,1662266
11057,1661570
7309,1660792
15915,1660496
23320,1660124
2265,1659874
13755,1659690
22516,1659354
14268,1657867
18721,1657723
8665,1657619
10893,1656606
3005,1656584
8557,1654715
3754,1654291
7305,1652833
17963,1652394
17301,1650632
8579,1650572
13262,1648150
15621,1647863
11172,1647578
2995,1646349
2276,1645953
8538,1645913
3850,1645393
11284,1644904
1092,1644216
6279,1643619
20840,1642967
3371,1642112
19593,1640676
16828,1640424
15833,1639841
2138,1639535
18840,1639207
14212,1636824
18364,1636436
16551,1636000
15828,1634315
3171,1633783
17573,1632062
18748,1631076
16946,1630403
18686,1629871
6672,1629643
22488,1629287
21711,1627478
7979,1627255
10119,1625730
9828,1625349
10827,1624372
4316,1623384
7820,1622183
16181,1622134
2919,1620121
17915,1619535
16009,1618717
18237,1618705
15902,1618630
10467,1618568
18141,1618558
8761,1618494
5646,1617714
22789,1617475
4964,1617355
13844,1617101
19516,1616230
18702,1615369
12852,1615301
6449,1613128
9365,1612912
10264,1612077
22437,1611766
15036,1611726
10760,1610379
5410,1608853
7287,1608112
21498,1607743
6057,1607659
6118,1607655
18717,1606944
8852,1606258
4622,1606117
20964,1604538
21121,1604086
12538,1603871
12931,1603634
17954,1603438
17507,1602162
22218,1601774
12365,1601256
16417,1600881
1706,1600149
12009,1598418
10814,1597472
20034,1597390
19784,1596793
16706,1595874
7847,1595401
9345,1595015
14684,1593983
3911,1593844
19834,1593703
20287,1593702
9271,1592948
21126,1591491
11237,1591366
19814,1591229
22327,1591148
13706,1590802
23260,1590284
15254,1590185
17160,1589752
10910,1588705
21091,1586755
18875,1586294
21298,1586158
7739,1585880
20711,1585675
20165,1584243
12149,1583274
14295,1583005
7232,1581705
21814,1580841
7922,1579196
6841,1578979
16711,1578790
6976,1575299
11753,1573928
19474,1573565
13217,1573028
21507,1572251
16850,1571324
12954,1569876
9599,1569652
13328,1569527
24633,1569132
12316,1568946
8056,1568321
6099,1567934
12123,1566897
2322,1566607
20751,1565530
10730,1565405
23434,1564915
7633,1564502
8729,1563513
13528,1562630
1939,1562551
16421,1561692
6738,1561496
23061,1559004
19716,1558795
17085,1558553
21624,1558507
11334,1558500
22436,1558101
3276,1558042
13981,1557697
3185,1557359
21905,1557244
4475,1556729
4496,1556390
17822,1555638
12437,1554265
10890,1554084
6429,1553931
2816,1553055
7038,1552932
3389,1551670
15326,1551241
22596,1550892
9495,1549318
15876,1548488
12141,1548074
19759,1547933
5293,1547931
10436,1547179
20015,1544685
17293,1543528
20815,1542875
21938,1542325
15485,1542325
10359,1541993
4262,1541365
12740,1540440
13764,1538805
6971,1537865
22029,1537781
4268,1537497
7409,1537344
20529,1537242
11006,1536339
12825,1536181
9486,1535786
4483,1535560
21981,1534813
9715,1534555
12785,1534163
6720,1533682
19050,1533631
11131,1532741
18940,1532379
8631,1531809
2458,1530166
9596,1528982
13112,1528870
11257,1528785
8877,1528515
13021,1528252
10710,1527775
10192,1526766
9632,1526383
17785,1525165
22064,1525085
4131,1524978
9149,1524585
6416,1523381
8600,1521540
13548,1521408
23337,1520903
9975,1518713
5276,1518579
19452,1518461
11977,1517639
19157,1517528
16139,1516715
5800,1515866
14372,1515814
4794,1514815
22912,1514307
11048,1514106
11038,1513033
4521,1512995
20224,1512870
12507,1512137
1733,1511480
21654,1510831
10734,1509375
12557,1508534
4282,1508294
3671,1504987
3714,1504677
15776,1504334
18655,1504022
20080,1503831
20887,1503659
15399,1502613
9891,1500739
11846,1500657
19722,1500642
20562,1498452
16804,1497971
18261,1497860
9441,1497778
10699,1497041
16122,1496108
17897,1495737
8699,1494384
21558,1494326
21940,1493884
15733,1493875
14530,1493616
22709,1493013
7726,1492913
18572,1492911
1834,1492021
14009,1491887
11102,1491437
7779,1489801
14769,1489775
12994,1489563
9615,1488463
9875,1484605
22092,1484031
12293,1483666
14582,1483509
11169,1482351
21854,1482291
21152,1482261
17852,1482220
16810,1481875
5387,1480124
12599,1480029
2034,1478854
17444,1477801
17601,1477392
7109,1476878
9402,1475683
13927,1475119
6002,1474911
8659,1474099
11937,1473330
18242,1472806
7064,1472341
5931,1470851
17668,1470615
22468,1469144
10108,1467982
13095,1467508
12093,1466761
11895,1466478
14123,1466248
16093,1465839
12637,1465343
14505,1464317
20259,1463340
19858,1463244
5110,1462298
18912,1461943
7673,1461243
14109,1461230
23087,1461188
18945,1460654
14401,1459573
16919,1459451
9642,1458559
16809,1456016
7201,1455647
10380,1455589
1430,1454855
12197,1451740
4769,1450604
6988,1450563
19596,1450526
21893,1450138
21775,1449656
23515,1449153
12842,1449044
13518,1448830
9075,1447646
8227,1447466
13657,1447061
14081,1446289
20302,1444540
3434,1443752
13851,1441677
18121,1441526
10698,1440323
20226,1440211
8450,1440101
6457,1436707
13829,1436464
19553,1436138
22908,1435318
5606,1434924
15370,1434652
12919,1434477
19486,1434322
3937,1433943
19288,1432977
9328,1432944
3865,1431815
22024,1431748
4879,1431729
19446,1431469
19743,1431186
20443,1431153
22475,1430108
20628,1429910
10820,1427768
12060,1427746
19653,1427235
1796,1426642
19945,1426539
22736,1425170
21462,1424166
13503,1423846
19391,1423651
14524,1423608
22547,1423083
12588,1421528
19602,1419131
12851,1419088
8119,1417833
20060,1417150
17296,1417082
8006,1416821
14429,1415980
14233,1415808
1316,1415406
24254,1414307
2357,1413580
16566,1413350
23209,1413222
18461,1412628
5664,1411192
15126,1410928
17154,1410662
15046,1409155
22989,1408003
17689,1407919
12611,1407751
23147,1407267
21843,1406879
15880,1404458
8347,1403363
16927,1403164
5836,1403090
3338,1402848
21523,1402583
22874,1401515
10079,1401469
19325,1401317
13694,1400760
16077,1400694
16066,1400270
19693,1400234
21607,1399937
18807,1399686
21970,1399249
22534,1399151
13080,1398235
1943,1398078
9161,1397476
14060,1397141
22249,1397043
17692,1396968
6879,1396875
18757,1394258
18960,1393545
3268,1392280
6254,1391154
21898,1390313
9988,1389906
3466,1388852
7275,1386736
19158,1386591
6032,1386469
19775,1385793
20717,1385135
11703,1384662
17236,1384615
7125,1384515
17191,1383682
22855,1383244
8519,1382301
22982,1381764
20360,1381638
16751,1378513
22290,1376388
16441,1376315
19582,1376135
5524,1375712
9630,1375567
21949,1375266
15298,1375224
5155,1374277
20847,1372985
14629,1372979
14564,1372877
22222,1372864
23016,1372398
23409,1372167
13595,1371270
11663,1371192
17463,1370131
23053,1367784
7478,1367371
12872,1366973
2678,1366700
22008,1365602
14873,1365571
23925,1365450
8222,1365194
19353,1365025
17261,1365010
7369,1364954
9968,1364337
11081,1363239
21766,1363213
12444,1360528
18893,1359821
10483,1359522
6511,1359014
18312,1358883
6788,1358410
17220,1357896
8287,1357842
20196,1357761
17531,1356936
1956,1356847
3167,1356543
20552,1355541
18004,1354289
21422,1354097
1952,1353853
17705,1353622
10844,1353420
5943,1353378
22306,1352595
21306,1352240
19059,1350936
9639,1350796
19419,1348921
10127,1347310
22649,1347222
16903,1346967
17367,1346849
17910,1346151
11163,1345634
6934,1345512
22280,1344578
15475,1344523
14613,1344322
18060,1341903
16608,1341788
23140,1341594
14051,1341052
3180,1340834
16258,1340252
2174,1339972
15389,1338658
15289,1338337
11830,1337633
18399,1337212
4733,1335326
18385,1333780
16601,1333741
17115,1333017
7052,1332514
14140,1331367
20791,1330854
23322,1330167
20172,1328547
16737,1328402
17282,1326862
13236,1326674
7140,1325731
3837,1325328
18157,1324478
20199,1324372
19586,1324116
19879,1323968
13940,1323889
8867,1323233
18808,1322764
2636,1322181
15216,1320341
14922,1319659
14949,1318963
10339,1318804
11791,1318763
13782,1318342
10879,1317963
18722,1315679
1817,1314062
14223,1313503
20024,1312883
10642,1312290
19975,1312095
17489,1311219
21164,1310262
2003,1310061
24157,1310022
23130,1309905
15542,1309497
15609,1309382
22187,1309102
19677,1307473
11514,1306770
10545,1306565
14121,1305420
17102,1305417
20370,1304368
1826,1303795
6306,1302595
21413,1302251
19396,1301601
10217,1301567
19324,1301139
21124,1300052
11372,1299544
18331,1299468
16430,1298768
5857,1298357
17111,1298023
16444,1297358
8128,1293757
17268,1293582
6834,1293507
23730,1293381
14963,1292109
22082,1291902
22509,1291425
16613,1290422
6947,1289637
12034,1288770
1421,1286991
18789,1285490
13386,1285430
15379,1285267
22657,1284956
20396,1284850
4550,1284066
21007,1283884
11318,1283226
12103,1283191
11619,1282735
22503,1282132
9502,1281352
23724,1281325
9366,1281302
15438,1281160
9589,1280836
5422,1279984
3238,1279697
14490,1278607
16991,1278446
20681,1277918
11275,1277022
18031,1276475
6823,1275702
23420,1275413
22890,1272678
21103,1272065
13153,1269497
18147,1269385
1799,1268661
21858,1268530
20235,1266572
6452,1266371
14887,1265619
21630,1265086
19434,1264939
1855,1262122
14913,1260741
6082,1260624
3404,1260458
20575,1259537
19932,1259232
23219,1257731
23842,1257216
17052,1256265
20705,1255433
22353,1255046
6709,1254477
5361,1253698
23349,1252637
20505,1252385
8324,1251610
14038,1248839
2327,1248743
7454,1248289
23155,1248081
11062,1248046
15762,1247769
21914,1247611
19106,1247455
5971,1247141
13608,1245202
10074,1244585
18112,1244491
15626,1244364
1863,1243588
13313,1243561
10769,1242897
15615,1242209
21349,1240368
17546,1240253
15284,1236919
23588,1236616
12709,1236542
10592,1235831
11375,1235735
17615,1235209
4064,1234663
8187,1231303
22672,1229267
2576,1228794
3636,1227871
12100,1226424
5851,1226385
23654,1226266
20838,1225671
20181,1224876
24205,1223555
7596,1223036
11813,1222833
9748,1221573
24497,1220504
17798,1219300
15045,1217915
22262,1217381
21580,1217103
19926,1217097
13544,1217068
7994,1215357
4373,1215252
18887,1215097
4699,1214346
6321,1209019
15236,1208824
22762,1208374
16671,1208352
12519,1206784
14644,1206549
15592,1206013
19529,1205536
1841,1205120
14201,1204650
20915,1203665
16214,1201641
6696,1201100
17124,1200368
16038,1199336
11429,1199031
12696,1198771
9002,1197196
6883,1196741
22998,1194361
17860,1192899
20203,1192318
22570,1191116
8905,1187548
5464,1187296
21333,1186203
9356,1185760
19036,1185475
19771,1184390
17771,1183844
11261,1181888
15003,1181641
2559,1181266
6908,1180458
18743,1180402
18447,1180253
5901,1179663
4339,1178780
9189,1178190
23078,1177895
20558,1177615
21918,1177530
15865,1177356
25578,1176267
15665,1176120
20157,1175515
10982,1175495
22004,1175240
9468,1172470
2467,1171075
23478,1169660
13653,1169380
10303,1167636
25428,1163404
19922,1163355
14470,1162669
18369,1161046
14008,1160580
23007,1159696
21331,1158854
18695,1155712
17859,1155032
15459,1153053
10443,1152583
5771,1152394
16411,1149967
4672,1149143
18539,1147553
23190,1147147
15418,1146467
13492,1146105
9578,1144587
11389,1143869
16571,1142235
8295,1141783
8327,1140963
17470,1140409
14407,1139769
22106,1139728
13840,1136744
16775,1135256
23391,1133902
13675,1132536
22150,1132305
4462,1132172
13795,1130907
23544,1130666
25640,1129018
20115,1127647
17697,1127610
16541,1126396
21380,1126362
14312,1126157
17974,1125659
18421,1123710
19685,1123088
20464,1123027
12069,1122715
15456,1120823
20451,1120438
13959,1119786
14366,1113011
21436,1112579
5431,1111881
16379,1109812
8733,1108363
16557,1108268
25563,1108072
23672,1105128
24855,1104814
3542,1103925
19257,1103347
17465,1102164
20257,1099001
22080,1098704
16090,1096303
2617,1096098
22578,1094478
25452,1091331
8956,1091292
22739,1090807
17891,1088412
20294,1088356
23215,1087008
22137,1086471
22948,1085435
4723,1084902
2596,1084662
15455,1082519
12226,1082505
20385,1082228
18211,1080981
17776,1076166
13467,1076044
5172,1075909
13244,1075020
7127,1074566
9210,1073562
5725,1073215
12271,1070844
18245,1069549
23109,1068904
17038,1068613
2931,1063877
22128,1062991
4659,1061114
13142,1060565
20932,1059335
19631,1058724
23030,1058660
22183,1058375
19708,1057973
5284,1057131
21341,1056394
22442,1056300
3124,1056059
1904,1055691
18408,1053904
17906,1053779
17620,1052483
18493,1052050
17428,1051309
15684,1050874
22175,1050312
21281,1049421
16715,1044790
12331,1043794
10004,1041699
25467,1041462
19114,1041162
3161,1039354
22022,1036926
2716,1036730
18801,1036110
8844,1034398
13230,1034332
18476,1034331
20351,1033765
21427,1033023
15727,1032163
17675,1031923
19473,1031323
15273,1028946
14196,1028852
25494,1028230
14939,1026608
21398,1026188
11761,1023473
17385,1022565
17887,1021625
2499,1020735
15852,1020300
17315,1018681
5702,1017028
24273,1015895
7795,1015350
12337,1012589
12474,1011614
22583,1011279
2792,1010760
17781,1009715
16320,1009487
10560,1006680
20498,1006598
23687,1005339
7916,1004595
23488,1003969
14131,1003063
2732,1001038
22581,1000003
3499,997213
16935,993977
15867,992955
22972,990415
21598,990200
21070,990136
9033,988885
21666,987924
23916,985720
10986,984140
19936,982815
4949,979662
20240,979043
19381,979006
6616,976695
19455,975739
22882,973435
13987,972636
8840,971908
6911,971327
21481,968113
23100,967968
7355,966811
4650,966802
20249,965365
17624,964525
2720,961985
17843,960858
20414,960332
5993,958881
17373,957749
21482,956771
8587,955515
18158,954493
16482,952268
13537,951189
3508,949710
15070,947200
21955,946660
25017,942592
18301,942079
16889,940903
22524,940885
14099,940551
14171,938333
20569,936345
10790,933765
22167,933476
15477,925337
11469,924247
10952,922448
23659,921132
18682,920963
11294,920762
14904,920252
10293,919911
22973,919634
14748,918921
15575,917186
18522,914214
6005,913683
11069,912773
25420,910514
19466,909841
23287,908273
9177,907754
13482,904522
11730,904011
20898,903948
19063,899770
21009,899577
18951,899348
7964,897399
10668,894937
17273,890962
18667,890378
20656,890244
22556,889617
15044,888994
3723,888324
20591,888274
10029,887970
25561,885538
6937,884217
19645,882306
21290,880725
18633,880106
13138,879212
11806,875752
12026,875430
15963,875366
15050,873026
19032,871497
4453,870436
14596,868886
5536,868477
9437,867802
8442,865559
15504,865437
18984,864267
19018,863575
25569,861617
21881,860678
3509,860544
15559,860008
17716,859825
22408,859493
21859,859471
21771,859044
5570,857372
14383,857080
7695,847804
16132,846049
19909,845279
18505,844457
25548,843860
16909,843663
9281,843160
15229,834132
15187,830547
4286,829416
19166,829365
15588,829278
19804,826226
20646,825525
24076,822270
25608,821875
21003,820120
23360,820056
18473,819382
23195,818668
13333,816123
9499,815950
2853,813992
19113,813230
5263,811130
22257,809082
25752,808688
25379,808267
19370,807552
9945,805107
20285,800509
24245,799356
23286,798579
18832,796496
16729,794375
21720,793476
11329,790822
14774,788100
18776,787275
20637,786847
22458,786510
24460,784011
17421,783273
25788,782088
23351,782041
20739,778901
22464,777768
25793,774414
18153,774298
19232,770434
15307,767017
23914,763414
25790,762179
18018,755338
22761,755084
16577,753409
25594,753091
23057,753005
11796,750896
16284,748410
7396,747499
3953,746726
22465,746409
13334,746399
25764,745187
25703,744954
22410,744140
3525,742178
1516,742062
10312,742011
19779,740587
21825,739081
22992,736321
22386,735496
18700,733459
18357,730982
20954,729909
22916,728519
22607,727918
7338,727016
4501,725732
22336,725100
23040,722456
23019,722314
12085,718314
15946,715367
19153,714289
20526,710371
13133,707578
22098,707385
23553,706094
16503,704884
17731,702608
16131,701843
12838,701399
21163,699603
13391,697077
25771,692832
18195,690080
22564,689179
8396,687494
5904,687432
8833,686727
24770,684900
6215,683800
20010,683468
11998,682459
19900,682249
6714,679842
4688,679248
11839,679096
15356,676834
17243,675600
15896,674801
25460,674665
24651,673301
7969,672559
6806,671245
4821,671089
23603,669661
3083,668807
10039,667001
23549,666526
17348,665310
22274,661478
20462,658412
24298,657784
18089,656488
10336,652764
21472,649209
4994,643616
5432,638847
14579,634968
10949,634047
8086,632292
9781,630900
18623,628747
25653,628621
14857,628560
5585,627850
23987,627646
5316,625033
14731,623485
25782,623388
4915,622645
23596,621112
17894,620071
23794,610671
15194,610201
12576,609439
13368,609063
12708,607142
20056,606179
25789,602801
20644,601721
12765,598976
3024,598257
23772,597208
2469,594951
9905,593695
23634,590728
24220,590217
25656,587858
11467,583670
22782,582596
10870,581908
23993,579920
24259,579674
6940,578686
22731,575461
25326,575214
11984,572537
21615,571862
22666,571389
20156,569457
17308,569245
24936,567183
23501,561144
13294,556342
22645,552780
24003,552574
11740,549639
24087,545912
22628,543063
23564,542499
6303,542296
3769,541272
23036,541034
22552,534893
5329,534335
2760,532310
4941,532191
9063,531361
18342,529786
24232,528520
17408,527884
21924,526731
16040,526700
19082,526221
24276,522816
3322,520364
21019,520188
23563,518942
4178,518527
23595,518119
10575,512428
20473,502474
23617,502181
5968,501921
18593,501774
23068,501688
22620,498198
12500,497553
14610,496489
22747,495041
25775,495008
14249,494673
23254,493719
4919,491941
19763,485912
7361,485758
14666,484200
23296,483658
16855,481523
9854,479854
24481,478427
23760,477045
23482,475423
5118,474853
11972,471069
15713,469047
9102,467972
20660,467595
24143,463858
23264,457328
25728,455943
25053,455814
22451,452823
16579,450642
17924,449618
10499,448478
24446,446812
12723,441561
1867,438583
20889,437547
23695,436814
25641,436446
4158,434617
24461,434035
23583,433634
23797,433541
24371,429460
14781,428777
10866,427963
24900,426953
19522,424173
16664,423956
25691,423709
15980,423379
25480,423034
17544,421337
11007,419578
19965,419573
24392,417324
25933,416570
5127,415781
25715,414715
5659,412259
7177,411701
23239,410628
25758,407037
9112,402538
23858,402141
3520,401448
14405,401351
16341,398843
24623,395415
4049,394640
23135,389995
22536,389773
24095,389723
1621,389624
23960,389490
24047,389350
21792,388492
24514,388327
20435,387529
5695,386747
9018,386344
21233,385926
24287,385077
22091,383933
22616,380807
1879,380084
9262,377738
24038,376586
25959,373134
10521,372436
5652,372421
13966,371962
6758,369818
25719,362847
5480,361280
21569,361020
2136,358212
24170,357886
18443,356965
8901,354169
3913,350187
24050,346627
2199,345687
23247,343600
25893,342453
7721,341419
24454,338467
23327,338410
24105,337730
17332,335899
2238,335739
24792,334352
8822,332171
15266,329185
21699,326007
24812,324133
12090,324130
16387,323670
15641,322843
22133,320729
13902,318615
10327,318033
20292,317944
7654,317604
23806,313861
25878,312881
24427,311841
24879,306724
8393,305921
7000,305513
22925,304758
11326,302644
4589,299785
7854,299145
24137,298829
7152,296890
21750,296651
9107,296280
4663,294386
22278,294354
24742,292758
23893,290707
1708,288153
12208,287129
8813,286664
15601,285753
22553,285405
21190,285036
22033,284161
7284,283194
23884,283097
23846,282268
24116,278114
12402,277897
16383,276552
24938,276341
18347,274431
22074,273879
25678,272056
22588,268995
22815,268674
25683,267926
25679,267194
24611,265015
24525,264321
6577,263357
25923,261798
22770,261316
14242,260718
24260,260395
22597,259008
13711,258414
23633,257928
2255,256263
19010,254771
24208,254286
8508,253800
19992,251518
22043,250984
6565,248417
13455,248292
11713,246977
10446,246856
23646,245149
6175,244692
1839,244503
24315,244124
19662,242684
5472,241246
24779,238780
25684,238604
24307,238074
23872,237165
25798,237089
19004,237070
23933,234902
24363,234426
18077,233552
24239,232608
10320,231884
23104,229563
24921,229403
24735,226674
24517,226585
17533,225805
24760,224871
25702,224198
23449,224193
22864,219956
15012,218536
22939,217996
3642,217938
1873,217236
24114,216759
25709,216462
24771,215774
24101,214990
4971,213919
16672,213916
9056,212319
2514,211347
20768,211300
24759,210955
24209,209708
5552,209478
24885,209353
17183,208825
13868,208387
4908,207442
12142,207126
17145,206660
6913,205237
21138,204892
25434,204883
22505,203729
11991,203417
19480,203134
7987,203133
24860,202767
18532,202739
24580,201906
24832,201675
17804,200390
4434,199886
8294,199827
24780,199734
24348,199654
24090,199067
12106,198888
25801,198549
25009,198344
20693,197954
24158,197924
21829,197347
24752,197266
24684,197157
24120,197097
24337,197072
24762,196942
24565,196930
24441,196850
24807,196842
24819,196580
25386,196511
9933,196418
13319,196381
21111,196323
24782,195867
16495,195787
23937,194535
24698,192953
9664,192504
23980,189257
24820,184832
24625,184098
24010,183819
14229,183810
24826,183712
23405,183233
24246,182157
20747,181639
23315,176582
24928,176223
21705,172034
22964,171671
24732,170429
13343,169151
20335,168697
24014,168591
23524,168424
14753,166556
23810,163824
23623,161823
24191,161780
24869,161121
24055,160817
24890,160035
25058,158207
24999,157906
24531,157654
24910,157520
24501,156598
24466,155898
18029,155151
18083,155098
7503,153346
17879,152579
24615,152161
24323,151874
24858,151690
24751,151231
24903,150948
15291,149499
24666,149271
24675,149020
24877,148959
24892,148949
25050,148206
19970,148112
23421,147957
23469,147955
21193,147575
24451,147508
24294,147291
15063,147145
13564,146994
24607,146878
24870,146800
24540,145347
23745,145168
24584,144977
24553,144692
24407,144189
24272,143404
20113,139102
24161,137817
11246,136948
24198,135879
24849,135202
23970,133817
24914,133629
24564,132687
24708,132309
24029,132027
21982,131914
24716,129302
9841,124985
24408,124658
24500,123881
25860,122927
18999,122464
22846,122215
24922,121674
24965,120380
23735,119854
24399,117491
9906,116384
24692,116001
23974,115993
19249,115702
22688,111584
24384,111514
2929,108910
24355,107263
19918,106365
8258,104808
25851,104445
17649,104140
24062,103737
24556,99176
25809,98000
12581,97208
24002,97024
24283,94734
22639,94416
25006,94150
23790,93788
14239,92335
24152,92326
6529,91538
24778,90623
23435,89967
15117,87315
20347,87095
24844,86370
24494,86330
23642,86284
23828,85377
24279,85025
19669,84338
23900,83824
23867,83814
24642,83795
24598,83611
24474,83542
25100,83538
21668,83505
25103,83447
24212,83427
22039,83095
24128,82927
24529,82772
24672,82127
23992,82048
24177,81491
21743,81432
25944,80603
24414,79707
26018,79453
23681,79417
24992,79380
24800,79137
24428,78786
24738,78280
24183,78140
24074,78092
24429,78083
24021,78044
24702,77933
24549,77787
24368,77762
24434,77615
24590,77577
24663,77382
24485,77356
23419,77352
24659,77350
24173,77343
24267,77338
21742,77337
24418,77336
24510,77334
23755,77333
24572,77332
24230,77331
24841,77330
24176,77256
24422,76477
22144,76367
25974,75447
23539,73166
23819,72007
23630,71667
23412,70741
10767,70303
21159,68911
25550,67941
24961,66881
21194,65793
10716,65160
10149,64884
16863,64789
24596,64737
23961,64619
22455,64495
24339,64433
25953,60735
25895,60335
24790,56991
24951,56332
25992,54505
23663,51720
24379,51341
25023,50460
19143,50231
23723,50017
25122,49721
25187,48493
25324,47524
24962,47245
25155,47152
26045,43075
25432,42939
26030,42694
25253,42674
26021,40556
26039,38931
26003,38869
25905,37161
25936,36988
25904,36970
26001,36934
25983,36813
25955,35937
25984,35475
1876,35231
25968,35229
24949,30133
25745,30132
25962,28843
8829,27855
25737,26940
24986,26301
25815,25723
25820,25708
25327,25311
24945,24133
25556,23415
25954,22491
14422,22486
22501,22042
25020,21415
25128,20959
25909,19103
24064,18088
25246,17817
25932,17083
24955,16042
23902,15795
25215,15663
3330,14429
26013,13545
26051,13448
25316,13117
25035,12649
5117,12469
25092,11946
25201,11715
16606,10774
26074,10440
25346,10399
25198,8367
25864,7239
25269,6473
25080,6335
25040,6046
26068,5952
25115,5876
23875,5870
18921,5862
2408,5843
25907,5701
25292,5506
25189,5232
25096,5225
25161,5224
25177,4405
25258,4349
2921,4193
16505,3855
25226,3607
15185,3597
25330,3565
24971,3339
18663,2711
13579,2655
25183,1941
25043,1728
25243,1637
25099,1613
26065,1298
25149,1133
22680,1007
19195,992
25423,719
25294,608
25447,572
25136,456
25070,440
25073,439
25141,360
25511,357
26011,306
25450,274
25204,271
25505,240
24979,223
25143,206
25908,182
25499,163
25500,122
25481,117
25916,110
25370,93
26004,83
25085,63
25211,63
25275,62
25307,60
24963,60
25032,60
25331,59
25339,58
25363,58
25024,54
25132,54
25225,54
25343,54
25352,54
25361,52
25112,51
25173,49
25518,42
25534,42
25542,41
25302,37
25488,34
25884,32
25025,31
25192,28
25121,28
25533,27
25527,27
25066,27
25519,23
25489,19
25167,19
26060,18
25439,18
25235,12
25284,12
25263,12
25917,10
25265,9
25076,8
25539,8
25497,8
25800,8
25216,6
25869,5
25077,3
25863,3
25849,3
25829,3
25834,2
25840,1
25896,1
